https://www.daijob.com/en/jobs/detail/795132,"
          
            2019-06-11
          
        ",大手外資系企業内のITヘルプデスクオペレーター／残業少なめ！働きやすさ◎,SCSKサービスウェア株式会社/SCSK ServiceWare Corporation,https://www.daijob.com/images/uploads/6964/999f1a-4175-a30f2.jpg
https://www.daijob.com/en/jobs/detail/795793,"
          
            2019-06-11
          
        ",Infrastructure,株式会社FRONTEO,https://www.daijob.com/images/uploads/8811/d9010f-3e17-5114b.jpg
https://www.daijob.com/en/jobs/detail/683754,"
          
            2019-06-11
          
        ",Senior IT Engineer,株式会社FRONTEO,https://www.daijob.com/images/uploads/8811/d9010f-3e17-5114b.jpg
https://www.daijob.com/en/jobs/detail/704500,"
          
            2019-06-11
          
        ",開発エンジニア,株式会社FRONTEO,https://www.daijob.com/images/uploads/8811/d9010f-3e17-5114b.jpg
https://www.daijob.com/en/jobs/detail/771980,"
          
            2019-06-11
          
        ",Attorney,株式会社FRONTEO,https://www.daijob.com/images/uploads/8811/d9010f-3e17-5114b.jpg
https://www.daijob.com/en/jobs/detail/771982,"
          
            2019-06-11
          
        ",テクニカルサポートエンジニア,株式会社FRONTEO,https://www.daijob.com/images/uploads/8811/d9010f-3e17-5114b.jpg
https://www.daijob.com/en/jobs/detail/771984,"
          
            2019-06-11
          
        ",Sales,株式会社FRONTEO,https://www.daijob.com/images/uploads/8811/d9010f-3e17-5114b.jpg
https://www.daijob.com/en/jobs/detail/761022,"
          
            2019-06-11
          
        ",Yokohama Work / 横浜勤務【Onsite Support Engineer /,"BiOS, Inc. / 株式会社バイオス",https://www.daijob.com/images/uploads/1090/3cf8fc-541f-22785.png
https://www.daijob.com/en/jobs/detail/761629,"
          
            2019-06-11
          
        ",Hatsudai Work / 初台勤務【Deskside Engineer / デスクサイドエンジニア,"BiOS, Inc. / 株式会社バイオス",https://www.daijob.com/images/uploads/1090/3cf8fc-541f-22785.png
https://www.daijob.com/en/jobs/detail/781598,"
          
            2019-06-11
          
        ",Nearest Tokyo station / 東京駅近辺勤務【Deskside Engineer /,"BiOS, Inc. / 株式会社バイオス",https://www.daijob.com/images/uploads/1090/3cf8fc-541f-22785.png
https://www.daijob.com/en/jobs/detail/794926,"
          
            2019-06-11
          
        ",Shinjuku work / 新宿勤務【Service manager /,"BiOS, Inc. / 株式会社バイオス",https://www.daijob.com/images/uploads/1090/3cf8fc-541f-22785.png
https://www.daijob.com/en/jobs/detail/788763,"
          
            2019-06-11
          
        ",Tokyo Work / 東京勤務【Technical Support Engineer / テクニカルサポート,"BiOS, Inc. / 株式会社バイオス",https://www.daijob.com/images/uploads/1090/3cf8fc-541f-22785.png
https://www.daijob.com/en/jobs/detail/789531,"
          
            2019-06-11
          
        ",Data Center Operator /,"BiOS, Inc. / 株式会社バイオス",https://www.daijob.com/images/uploads/1090/3cf8fc-541f-22785.png
https://www.daijob.com/en/jobs/detail/795748,"
          
            2019-06-11
          
        ",★工作与上海★　Sales Engineer（SE）,サイボウズ株式会社,https://www.daijob.com/images/uploads/8975/1d89a5-3715-2901.png
https://www.daijob.com/en/jobs/detail/792794,"
          
            2019-06-11
          
        ",★上海勤務★　Sales,サイボウズ株式会社,https://www.daijob.com/images/uploads/8975/1d89a5-3715-2901.png
https://www.daijob.com/en/jobs/detail/783120,"
          
            2019-06-10
          
        ",Bilingual Data Center,SCSKサービスウェア株式会社/SCSK ServiceWare Corporation,https://www.daijob.com/images/uploads/9144/5c4634-540d-e2b47.png
https://www.daijob.com/en/jobs/detail/769358,"
          
            2019-06-10
          
        ",★東京勤務【Data Center Service Desk】Leading company in the data center,株式会社FRONTEO,https://www.daijob.com/images/uploads/1090/3cf8fc-541f-22785.png
https://www.daijob.com/en/jobs/detail/783124,"
          
            2019-06-10
          
        ",Bilingual Desktop,株式会社FRONTEO,https://www.daijob.com/images/uploads/9144/5c4634-540d-e2b47.png
https://www.daijob.com/en/jobs/detail/785949,"
          
            2019-06-10
          
        ",外資系通信会社向けtechnical field,株式会社FRONTEO,https://www.daijob.com/images/uploads/9144/5c4634-540d-e2b47.png
https://www.daijob.com/en/jobs/detail/464912,"
          
            2019-06-10
          
        ",Voice Networks Support Engineer (Avaya IP,株式会社FRONTEO,https://www.daijob.com/images/uploads/842/922e55-17da-7603b.gif
https://www.daijob.com/en/jobs/detail/753672,"
          
            2019-06-10
          
        ",【英語力不問】デスクトップサポート／ITサポートエンジニア,株式会社FRONTEO,https://www.daijob.com/images/uploads/6088/6ff49e-58b3-93a2.gif
https://www.daijob.com/en/jobs/detail/794851,"
          
            2019-06-10
          
        ",インバウンド業界最前線！訪日外国人向け観光情報サイトの制作スタッフ,株式会社FRONTEO,https://www.daijob.com/images/uploads/9433/475c2-1056-9bd0a.jpg
https://www.daijob.com/en/jobs/detail/791678,"
          
            2019-06-10
          
        ",【残業なし！】Senior JDE・SAP PM,"BiOS, Inc. / 株式会社バイオス",https://www.daijob.com/images/uploads/9194/aaf12e-150a-f2247.png
https://www.daijob.com/en/jobs/detail/791679,"
          
            2019-06-10
          
        ",【残業なし！】IT Support,"BiOS, Inc. / 株式会社バイオス",https://www.daijob.com/images/uploads/9194/aaf12e-150a-f2247.png
https://www.daijob.com/en/jobs/detail/796163,"
          
            2019-06-08
          
        ",グローバルに活躍しながらITのキャリアを活かせるIT Support,"BiOS, Inc. / 株式会社バイオス",https://www.daijob.com/images/uploads/9226/a73c1d-24ac-78132.jpg
https://www.daijob.com/en/jobs/detail/676501,"
          
            2019-06-07
          
        ",フロントエンドエンジニア／Service Development Front-end,"BiOS, Inc. / 株式会社バイオス",https://www.daijob.com/images/uploads/8791/2355a6-19e0-9f3d5.png
https://www.daijob.com/en/jobs/detail/793863,"
          
            2019-06-07
          
        ",高階技術支援工程師,"BiOS, Inc. / 株式会社バイオス",https://www.daijob.com/images/uploads/7187/c12b8f-6000-479fa.png
https://www.daijob.com/en/jobs/detail/793867,"
          
            2019-06-07
          
        ",Inside Sales,"BiOS, Inc. / 株式会社バイオス",https://www.daijob.com/images/uploads/7187/c12b8f-6000-479fa.png
https://www.daijob.com/en/jobs/detail/794123,"
          
            2019-06-07
          
        ",Senior Cisco Video & Voice,サイボウズ株式会社,https://www.daijob.com/images/uploads/7187/c12b8f-6000-479fa.png
https://www.daijob.com/en/jobs/detail/796072,"
          
            2019-06-07
          
        ",结算支援工程师,サイボウズ株式会社,https://www.daijob.com/images/uploads/7187/c12b8f-6000-479fa.png
https://www.daijob.com/en/jobs/detail/795105,"
          
            2019-06-07
          
        ",シニアデベロパーサポートエンジニア,"株式会社バイオス/BiOS,Inc.",https://www.daijob.com/images/uploads/7187/c12b8f-6000-479fa.png
https://www.daijob.com/en/jobs/detail/795106,"
          
            2019-06-07
          
        ",高級開發支援工程師,"BiOS, Inc. / 株式会社バイオス",https://www.daijob.com/images/uploads/7187/c12b8f-6000-479fa.png
https://www.daijob.com/en/jobs/detail/789675,"
          
            2019-06-07
          
        ",Big Data Support Engineer,"株式会社バイオス/BiOS,Inc.",https://www.daijob.com/images/uploads/7187/c12b8f-6000-479fa.png
https://www.daijob.com/en/jobs/detail/789802,"
          
            2019-06-07
          
        ",System/ Network Support Engineer,"株式会社バイオス/BiOS,Inc.",https://www.daijob.com/images/uploads/7187/c12b8f-6000-479fa.png
https://www.daijob.com/en/jobs/detail/789803,"
          
            2019-06-07
          
        ",Senior Developer Support Engineer,EIRE Systems K.K./エイラ システム 株式会社,https://www.daijob.com/images/uploads/7187/c12b8f-6000-479fa.png
https://www.daijob.com/en/jobs/detail/789804,"
          
            2019-06-07
          
        ",Billing Support Engineer,エイラ システム 株式会社／EIRE Systems K.K.,https://www.daijob.com/images/uploads/7187/c12b8f-6000-479fa.png
https://www.daijob.com/en/jobs/detail/792621,"
          
            2019-06-07
          
        ",Senior Technical Support,有限会社ファンキー・コープ/FunkyCorp Ltd.,https://www.daijob.com/images/uploads/7187/c12b8f-6000-479fa.png
https://www.daijob.com/en/jobs/detail/792709,"
          
            2019-06-07
          
        ",User Support,Godo Kaisha Amaris Japan/合同会社Amaris Japan,https://www.daijob.com/images/uploads/7187/c12b8f-6000-479fa.png
https://www.daijob.com/en/jobs/detail/794541,"
          
            2019-06-07
          
        ",ITSM Change,Godo Kaisha Amaris Japan/合同会社Amaris Japan,https://www.daijob.com/images/uploads/7187/c12b8f-6000-479fa.png
https://www.daijob.com/en/jobs/detail/794544,"
          
            2019-06-07
          
        ",Technical Sales,ヒルトン･リゾーツ･マーケティング･コーポレーション/Hilton Grand Vacations,https://www.daijob.com/images/uploads/7187/c12b8f-6000-479fa.png
https://www.daijob.com/en/jobs/detail/794709,"
          
            2019-06-07
          
        ",Call Center Deployment,"インバウンドテクノロジー株式会社/INBOUND TECHNOLOGY,INC",https://www.daijob.com/images/uploads/7187/c12b8f-6000-479fa.png
https://www.daijob.com/en/jobs/detail/794712,"
          
            2019-06-07
          
        ",Manager of,Ahead Group,https://www.daijob.com/images/uploads/7187/c12b8f-6000-479fa.png
https://www.daijob.com/en/jobs/detail/773982,"
          
            2019-06-07
          
        ",Network Project Manager,Ahead Group,https://www.daijob.com/images/uploads/7187/c12b8f-6000-479fa.png
https://www.daijob.com/en/jobs/detail/783768,"
          
            2019-06-07
          
        ",Senior Network Engineer,Ahead Group,https://www.daijob.com/images/uploads/7187/c12b8f-6000-479fa.png
https://www.daijob.com/en/jobs/detail/784387,"
          
            2019-06-07
          
        ",Market Data Architect,Ahead Group,https://www.daijob.com/images/uploads/7187/c12b8f-6000-479fa.png
https://www.daijob.com/en/jobs/detail/785088,"
          
            2019-06-07
          
        ",Infrastructure Project Manager /,"株式会社バイオス/BiOS,Inc.",https://www.daijob.com/images/uploads/7187/c12b8f-6000-479fa.png
https://www.daijob.com/en/jobs/detail/785927,"
          
            2019-06-07
          
        ",Senior System Engineer for Financial,"BiOS, Inc. / 株式会社バイオス",https://www.daijob.com/images/uploads/7187/c12b8f-6000-479fa.png
https://www.daijob.com/en/jobs/detail/785981,"
          
            2019-06-07
          
        ",System Transformation,"株式会社バイオス/BiOS,Inc.",https://www.daijob.com/images/uploads/7187/c12b8f-6000-479fa.png
https://www.daijob.com/en/jobs/detail/786887,"
          
            2019-06-07
          
        ",Bancassurance Data Engineer,"株式会社バイオス/BiOS,Inc.",https://www.daijob.com/images/uploads/7187/c12b8f-6000-479fa.png
https://www.daijob.com/en/jobs/detail/786889,"
          
            2019-06-07
          
        ",Software Product Manager,EIRE Systems K.K./エイラ システム 株式会社,https://www.daijob.com/images/uploads/7187/c12b8f-6000-479fa.png
https://www.daijob.com/en/jobs/detail/786891,"
          
            2019-06-07
          
        ",Technical,エイラ システム 株式会社／EIRE Systems K.K.,https://www.daijob.com/images/uploads/7187/c12b8f-6000-479fa.png
https://www.daijob.com/en/jobs/detail/539320,"
          
            2019-06-07
          
        ",ITサポート／PCヘルプデスク（Global医薬品業界担当／英語力不問）,有限会社ファンキー・コープ/FunkyCorp Ltd.,https://www.daijob.com/images/uploads/842/922e55-17da-7603b.gif
https://www.daijob.com/en/jobs/detail/582690,"
          
            2019-06-07
          
        ",【英語力不問】ITヘルプデスク(グローバル医薬化学品メーカー：チームメンバー約20人),Godo Kaisha Amaris Japan/合同会社Amaris Japan,https://www.daijob.com/images/uploads/6088/6ff49e-58b3-93a2.gif
https://www.daijob.com/en/jobs/detail/685371,"
          
            2019-06-07
          
        ",ITサービスデスク／デスクトップサポート,Godo Kaisha Amaris Japan/合同会社Amaris Japan,https://www.daijob.com/images/uploads/842/922e55-17da-7603b.gif
https://www.daijob.com/en/jobs/detail/796327,"
          
            2019-06-07
          
        ",【正社員雇用】開発エンジニア募集／高年収／残業少なめ！,ヒルトン･リゾーツ･マーケティング･コーポレーション/Hilton Grand Vacations,https://www.daijob.com/images/uploads/9646/e37c51-2723-909bf.png
https://www.daijob.com/en/jobs/detail/796324,"
          
            2019-06-07
          
        ",【正社員雇用】【新卒第二新卒歓迎】幅広い開発プロジェクトに携われる／残業少なめ！,"インバウンドテクノロジー株式会社/INBOUND TECHNOLOGY,INC",https://www.daijob.com/images/uploads/9646/e37c51-2723-909bf.png
https://www.daijob.com/en/jobs/detail/794849,"
          
            2019-06-07
          
        ",IT Retail,Ahead Group,https://www.daijob.com/images/uploads/5946/1f2703-1fda-f1e68.png
https://www.daijob.com/en/jobs/detail/796107,"
          
            2019-06-07
          
        ",Service,Ahead Group,https://www.daijob.com/images/uploads/1090/3cf8fc-541f-22785.png
https://www.daijob.com/en/jobs/detail/796084,"
          
            2019-06-07
          
        ","【Network Engineer - R&S】 Global, top-class working environment",Ahead Group,https://www.daijob.com/images/uploads/9032/a61404-2c8f-2034.jpg
https://www.daijob.com/en/jobs/detail/796097,"
          
            2019-06-06
          
        ",【カスタマーサポートエンジニア】海外トレーニング有/世界トップクラスのセキュリティ/未経験OK,Ahead Group,https://www.daijob.com/images/uploads/9529/eacd7a-6cc9-c1d48.png
https://www.daijob.com/en/jobs/detail/364844,"
          
            2019-06-06
          
        ",Service Delivery,Ahead Group,https://www.daijob.com/images/uploads/1090/3cf8fc-541f-22785.png
https://www.daijob.com/en/jobs/detail/790353,"
          
            2019-06-06
          
        ",東京駅勤務 IT Support Team,Ahead Group,https://www.daijob.com/images/uploads/1090/3cf8fc-541f-22785.png
https://www.daijob.com/en/jobs/detail/790354,"
          
            2019-06-06
          
        ","Data Center Operator or,",Ahead Group,https://www.daijob.com/images/uploads/1090/3cf8fc-541f-22785.png
https://www.daijob.com/en/jobs/detail/336131,"
          
            2019-06-06
          
        ",Desktop Support,Ahead Group,https://www.daijob.com/images/uploads/1090/3cf8fc-541f-22785.png
https://www.daijob.com/en/jobs/detail/541396,"
          
            2019-06-06
          
        ",Data Center Operator (Bilingual,Ahead Group,https://www.daijob.com/images/uploads/1090/3cf8fc-541f-22785.png
https://www.daijob.com/en/jobs/detail/519803,"
          
            2019-06-06
          
        ",Bilingual Desktop,Ahead Group,https://www.daijob.com/images/uploads/1090/3cf8fc-541f-22785.png
https://www.daijob.com/en/jobs/detail/569282,"
          
            2019-06-06
          
        ",Desktop Support Team,Ahead Group,https://www.daijob.com/images/uploads/1090/3cf8fc-541f-22785.png
https://www.daijob.com/en/jobs/detail/793646,"
          
            2019-06-06
          
        ",【Technical Solutions Consultant】 ◆ フランス本社◆,Ahead Group,https://www.daijob.com/images/uploads/9636/f87d58-3e31-ef774.png
https://www.daijob.com/en/jobs/detail/794844,"
          
            2019-06-06
          
        ",【カスタマーサービスマネージャー/Customer Service Manager】◆フランス本社◆,Ahead Group,https://www.daijob.com/images/uploads/9636/f87d58-3e31-ef774.png
https://www.daijob.com/en/jobs/detail/796011,"
          
            2019-06-06
          
        ",【製薬系】,Ahead Group,https://www.daijob.com/images/uploads/9032/a61404-2c8f-2034.jpg
https://www.daijob.com/en/jobs/detail/791751,"
          
            2019-06-06
          
        ",☆グローバル企業☆【バイリンガル　Java　テクニカルリード】 ,Ahead Group,https://www.daijob.com/images/uploads/9032/a61404-2c8f-2034.jpg
https://www.daijob.com/en/jobs/detail/787965,"
          
            2019-06-06
          
        ",☆グローバル企業☆【バイリンガル　Chatbotエンジニア】 ,Ahead Group,https://www.daijob.com/images/uploads/9032/a61404-2c8f-2034.jpg
https://www.daijob.com/en/jobs/detail/786433,"
          
            2019-06-06
          
        ",☆グローバル企業☆【バイリンガル　Oracle PL/SQL　サポートエンジニア】,Ahead Group,https://www.daijob.com/images/uploads/9032/a61404-2c8f-2034.jpg
https://www.daijob.com/en/jobs/detail/785999,"
          
            2019-06-06
          
        ",☆グローバル企業☆【バイリンガル　Javaエンジニア】,Ahead Group,https://www.daijob.com/images/uploads/9032/a61404-2c8f-2034.jpg
https://www.daijob.com/en/jobs/detail/772702,"
          
            2019-06-06
          
        ",☆Webサービスにおける世界的トップ企業での就業☆【バイリンガル　アナリスト】 Web,Ahead Group,https://www.daijob.com/images/uploads/9032/a61404-2c8f-2034.jpg
https://www.daijob.com/en/jobs/detail/773764,"
          
            2019-06-06
          
        ",☆新卒・第二新卒歓迎☆【正社員　安定職】　カスタマーサポート　エージェント,Ahead Group,https://www.daijob.com/images/uploads/9032/a61404-2c8f-2034.jpg
https://www.daijob.com/en/jobs/detail/774993,"
          
            2019-06-06
          
        ",【バイリンガル　デスクトップサポートエンジニア】東京都23区内または群馬県高崎市勤務,Ahead Group,https://www.daijob.com/images/uploads/9032/a61404-2c8f-2034.jpg
https://www.daijob.com/en/jobs/detail/775296,"
          
            2019-06-06
          
        ",☆グローバル企業☆【バイリンガル　デスクトップサポートエンジニア】,Ahead Group,https://www.daijob.com/images/uploads/9032/a61404-2c8f-2034.jpg
https://www.daijob.com/en/jobs/detail/796052,"
          
            2019-06-06
          
        ",正社員【Emerge】オンサイトITサポートエンジニア(L1) -,Ahead Group,https://www.daijob.com/images/uploads/6595/47c941-5c18-cf2b3.png
https://www.daijob.com/en/jobs/detail/788359,"
          
            2019-06-06
          
        ",マーケット　データ　アーキテクト,Ahead Group,https://www.daijob.com/images/uploads/7190/54cd47-7a0d-33162.png
https://www.daijob.com/en/jobs/detail/792662,"
          
            2019-06-05
          
        ",SAP未経験エンジニア歓迎！【SAP技術者】年間休日120日以上！SAPに技術転換されたい方必見◎,Ahead Group,https://www.daijob.com/images/uploads/9272/7e4e80-6f5f-d16d2.jpg
https://www.daijob.com/en/jobs/detail/794549,"
          
            2019-06-05
          
        ", Information Technology End User Computing,Ahead Group,https://www.daijob.com/images/uploads/842/922e55-17da-7603b.gif
https://www.daijob.com/en/jobs/detail/794548,"
          
            2019-06-05
          
        ",Information Technology Infrastructure,Ahead Group,https://www.daijob.com/images/uploads/842/922e55-17da-7603b.gif
https://www.daijob.com/en/jobs/detail/737373,"
          
            2019-06-05
          
        ",【英語使用】デスクトップサポート／ITサポートエンジニア,Ahead Group,https://www.daijob.com/images/uploads/6088/6ff49e-58b3-93a2.gif
https://www.daijob.com/en/jobs/detail/790480,"
          
            2019-06-04
          
        ",ローカライズプロジェクトマネージャー,Ahead Group,https://www.daijob.com/images/uploads/9473/3e7c2b-2bc0-5ad8b.gif
https://www.daijob.com/en/jobs/detail/795781,"
          
            2019-06-04
          
        ",ローカライズプロジェクトマネージャー,Ahead Group,https://www.daijob.com/images/uploads/9474/ce5d2d-2be1-71a88.gif
https://www.daijob.com/en/jobs/detail/795725,"
          
            2019-06-04
          
        ",【Emerge】バイリンガルジュニア～ミッドレベルITサポート -,Ahead Group,https://www.daijob.com/images/uploads/6595/47c941-5c18-cf2b3.png
https://www.daijob.com/en/jobs/detail/765548,"
          
            2019-06-04
          
        ",ソリューションアドバイザー（カスタマーサービス）,Ahead Group,https://www.daijob.com/images/uploads/8975/1d89a5-3715-2901.png
https://www.daijob.com/en/jobs/detail/765554,"
          
            2019-06-04
          
        ",Webアプリケーションエンジニア（Java）,Ahead Group,https://www.daijob.com/images/uploads/8975/1d89a5-3715-2901.png
https://www.daijob.com/en/jobs/detail/765565,"
          
            2019-06-04
          
        ",社内 IT,Ahead Group,https://www.daijob.com/images/uploads/8975/1d89a5-3715-2901.png
https://www.daijob.com/en/jobs/detail/782633,"
          
            2019-06-04
          
        ",サイトリライアビリティエンジニア（SRE）,Ahead Group,https://www.daijob.com/images/uploads/8975/1d89a5-3715-2901.png
https://www.daijob.com/en/jobs/detail/782634,"
          
            2019-06-04
          
        ",プロダクトマネージャー,Ahead Group,https://www.daijob.com/images/uploads/8975/1d89a5-3715-2901.png
https://www.daijob.com/en/jobs/detail/786878,"
          
            2019-06-04
          
        ",サポートエンジニア,Ahead Group,https://www.daijob.com/images/uploads/8975/1d89a5-3715-2901.png
https://www.daijob.com/en/jobs/detail/792809,"
          
            2019-06-04
          
        ",ソリューションアドバイザー（カスタマーサービス）,Ahead Group,https://www.daijob.com/images/uploads/8975/1d89a5-3715-2901.png
https://www.daijob.com/en/jobs/detail/783794,"
          
            2019-06-04
          
        ",グローバルサポートエンジニア,Ahead Group,https://www.daijob.com/images/uploads/6665/917381-5aac-e55e4.png
https://www.daijob.com/en/jobs/detail/783795,"
          
            2019-06-04
          
        ",【プロジェクトマネージャー】ヘルプデスク,Ahead Group,https://www.daijob.com/images/uploads/6665/917381-5aac-e55e4.png
https://www.daijob.com/en/jobs/detail/783796,"
          
            2019-06-04
          
        ",【メンバーからプロジェクトマネージャーまで】ITインフラ業務,EIRE Systems K.K./エイラ システム 株式会社,https://www.daijob.com/images/uploads/6665/917381-5aac-e55e4.png
https://www.daijob.com/en/jobs/detail/783797,"
          
            2019-06-04
          
        ",＜クラウド事業で次のキャリアを目指そう＞AWSやMicrosoft,エイラ システム 株式会社／EIRE Systems K.K.,https://www.daijob.com/images/uploads/6665/917381-5aac-e55e4.png
https://www.daijob.com/en/jobs/detail/784878,"
          
            2019-06-04
          
        ",＜新規立ち上げ　グローバル事業部＞あなたの英語スキルが活かせる職場！グローバルを見据えてキャリアアップしたい方の活躍できるフィールドあります。,EIRE Systems K.K./エイラ システム 株式会社,https://www.daijob.com/images/uploads/6665/917381-5aac-e55e4.png
https://www.daijob.com/en/jobs/detail/795666,"
          
            2019-06-04
          
        ",サーバーサイドエンジニア（AI英会話アプリ開発）,アデコ株式会社  Modis Staffing,https://www.daijob.com/images/uploads/9652/be3262-2724-f3307.png
https://www.daijob.com/en/jobs/detail/724728,"
          
            2019-06-04
          
        ","【Backend Engineer】 developing the global recruitment site registered by more than 540,000 job seekers with",アデコ株式会社  Modis Staffing,https://www.daijob.com/images/uploads/6249/ed1183-949-697a4.jpg
https://www.daijob.com/en/jobs/detail/792559,"
          
            2019-06-03
          
        ",IT Helpdesk Engineer - Various,"フュージョン・システムズ・ジャパン株式会社/Fusion Systems Japan Co., Ltd.",https://www.daijob.com/images/uploads/842/922e55-17da-7603b.gif
https://www.daijob.com/en/jobs/detail/794932,"
          
            2019-06-01
          
        ",◆Server Engineer◆ Let’s work together in Japan!! ★Visa,"BiOS, Inc. / 株式会社バイオス",https://www.daijob.com/images/uploads/7141/3d4de0-1e43-c90d5.jpg
https://www.daijob.com/en/jobs/detail/795127,"
          
            2019-06-01
          
        ",◆Network Engineer◆ Let’s work together in Japan!! ★Visa Sponsored★,株式会社エイチシーエル・ジャパン/HCL JAPAN LTD.,https://www.daijob.com/images/uploads/7141/3d4de0-1e43-c90d5.jpg
https://www.daijob.com/en/jobs/detail/795128,"
          
            2019-06-01
          
        ",◆System Engineer◆ Let’s work together in Japan!! ★Visa,ファイア・アイ株式会社/FireEye K.K.,https://www.daijob.com/images/uploads/7141/3d4de0-1e43-c90d5.jpg
https://www.daijob.com/en/jobs/detail/795129,"
          
            2019-06-01
          
        ",◆Developer / Programmer◆ Let’s work together in Japan!! ★Visa,Ahead Group,https://www.daijob.com/images/uploads/7141/3d4de0-1e43-c90d5.jpg
https://www.daijob.com/en/jobs/detail/795130,"
          
            2019-06-01
          
        ",◆Data Scientist◆ Let’s work together in Japan!! ★Visa,Ahead Group,https://www.daijob.com/images/uploads/7141/3d4de0-1e43-c90d5.jpg
https://www.daijob.com/en/jobs/detail/786884,"
          
            2019-05-30
          
        ",ソリューションエンジニア,Ahead Group,https://www.daijob.com/images/uploads/7190/54cd47-7a0d-33162.png
https://www.daijob.com/en/jobs/detail/786885,"
          
            2019-05-30
          
        ",コーポレートIT戦略部,Ahead Group,https://www.daijob.com/images/uploads/7190/54cd47-7a0d-33162.png
https://www.daijob.com/en/jobs/detail/786886,"
          
            2019-05-30
          
        ",システム開発-,Ahead Group,https://www.daijob.com/images/uploads/7190/54cd47-7a0d-33162.png
https://www.daijob.com/en/jobs/detail/786888,"
          
            2019-05-30
          
        ",クラウドソリューションエンジニア,Ahead Group,https://www.daijob.com/images/uploads/7190/54cd47-7a0d-33162.png
https://www.daijob.com/en/jobs/detail/786894,"
          
            2019-05-30
          
        ",ITサービスマネジメント　システムアナリスト（中堅,EIRE Systems K.K./エイラ システム 株式会社,https://www.daijob.com/images/uploads/7190/54cd47-7a0d-33162.png
https://www.daijob.com/en/jobs/detail/786900,"
          
            2019-05-30
          
        ",IT運用企画,エイラ システム 株式会社／EIRE Systems K.K.,https://www.daijob.com/images/uploads/7190/54cd47-7a0d-33162.png
https://www.daijob.com/en/jobs/detail/787405,"
          
            2019-05-30
          
        ",プロジェクトマネージャ (IT各部),EIRE Systems K.K./エイラ システム 株式会社,https://www.daijob.com/images/uploads/7190/54cd47-7a0d-33162.png
https://www.daijob.com/en/jobs/detail/787407,"
          
            2019-05-30
          
        ",ＩＴ戦略企画部グローバル室,アデコ株式会社  Modis Staffing,https://www.daijob.com/images/uploads/7190/54cd47-7a0d-33162.png
https://www.daijob.com/en/jobs/detail/788374,"
          
            2019-05-30
          
        ",インフラプロジェクトマネージャー,アデコ株式会社  Modis Staffing,https://www.daijob.com/images/uploads/7190/54cd47-7a0d-33162.png
https://www.daijob.com/en/jobs/detail/788375,"
          
            2019-05-30
          
        ",【金融アプリケーションソフト】システムエンジニア（シニアマネージャー）,"フュージョン・システムズ・ジャパン株式会社/Fusion Systems Japan Co., Ltd.",https://www.daijob.com/images/uploads/7190/54cd47-7a0d-33162.png
https://www.daijob.com/en/jobs/detail/788377,"
          
            2019-05-30
          
        ",ネットワークプロジェクトマネージャー,"BiOS, Inc. / 株式会社バイオス",https://www.daijob.com/images/uploads/7190/54cd47-7a0d-33162.png
https://www.daijob.com/en/jobs/detail/794930,"
          
            2019-05-30
          
        ",Business,株式会社エイチシーエル・ジャパン/HCL JAPAN LTD.,https://www.daijob.com/images/uploads/842/922e55-17da-7603b.gif
https://www.daijob.com/en/jobs/detail/794550,"
          
            2019-05-30
          
        ",Japan & APAC Internal IT Trainer,ファイア・アイ株式会社/FireEye K.K.,https://www.daijob.com/images/uploads/842/922e55-17da-7603b.gif
https://www.daijob.com/en/jobs/detail/781817,"
          
            2019-05-30
          
        ",【Capacity Delivery Engineer】Data Center Engineering Operations (DCEO),"BiOS, Inc. / 株式会社バイオス",https://www.daijob.com/images/uploads/8673/b1045f-3ddb-6eb76.png
https://www.daijob.com/en/jobs/detail/781820,"
          
            2019-05-30
          
        ",【Operation Engineer】Data Center Engineering Operations (DCEO),"BiOS, Inc. / 株式会社バイオス",https://www.daijob.com/images/uploads/8673/b1045f-3ddb-6eb76.png
https://www.daijob.com/en/jobs/detail/781823,"
          
            2019-05-30
          
        ",【Data Center Technician】Data Center Operation,"BiOS, Inc. / 株式会社バイオス",https://www.daijob.com/images/uploads/8673/b1045f-3ddb-6eb76.png
https://www.daijob.com/en/jobs/detail/785969,"
          
            2019-05-30
          
        ",Vendor Performance,"BiOS, Inc. / 株式会社バイオス",https://www.daijob.com/images/uploads/8673/b1045f-3ddb-6eb76.png
https://www.daijob.com/en/jobs/detail/689795,"
          
            2019-05-30
          
        ",【若手も歓迎】ホテル/飲食業界特化のITサービスをサポートしてみませんか？,"BiOS, Inc. / 株式会社バイオス",https://www.daijob.com/images/uploads/4991/5f92-2633-d252b.gif
https://www.daijob.com/en/jobs/detail/773151,"
          
            2019-05-30
          
        ",【NEW!!】Senior Consultant - Open Cloud,"BiOS, Inc. / 株式会社バイオス",https://www.daijob.com/images/uploads/4991/5f92-2633-d252b.gif
https://www.daijob.com/en/jobs/detail/675691,"
          
            2019-05-30
          
        ",【国内外への出張多数】旅をするようにITコンサルタントとして働いてみませんか？,"BiOS, Inc. / 株式会社バイオス",https://www.daijob.com/images/uploads/4991/5f92-2633-d252b.gif
https://www.daijob.com/en/jobs/detail/784017,"
          
            2019-05-30
          
        ",Senior Network,"アルカディン・ジャパン株式会社/Arkadin Japan Co., Ltd.",https://www.daijob.com/images/uploads/5946/1f2703-1fda-f1e68.png
https://www.daijob.com/en/jobs/detail/656021,"
          
            2019-05-29
          
        ",C++ Developer (Hiring for Hong Kong and,"アルカディン・ジャパン株式会社/Arkadin Japan Co., Ltd.",https://www.daijob.com/images/uploads/5946/1f2703-1fda-f1e68.png
https://www.daijob.com/en/jobs/detail/771947,"
          
            2019-05-29
          
        ",Full-Stack Java,株式会社エイチシーエル・ジャパン/HCL JAPAN LTD.,https://www.daijob.com/images/uploads/5946/1f2703-1fda-f1e68.png
https://www.daijob.com/en/jobs/detail/785789,"
          
            2019-05-29
          
        ",Network,株式会社エイチシーエル・ジャパン/HCL JAPAN LTD.,https://www.daijob.com/images/uploads/5946/1f2703-1fda-f1e68.png
https://www.daijob.com/en/jobs/detail/794799,"
          
            2019-05-29
          
        ",プロジェクトマネージャー,株式会社エイチシーエル・ジャパン/HCL JAPAN LTD.,https://www.daijob.com/images/uploads/9419/3e208f-45a6-23932.png
https://www.daijob.com/en/jobs/detail/772755,"
          
            2019-05-29
          
        ",画像認識エンジニア,株式会社エイチシーエル・ジャパン/HCL JAPAN LTD.,https://www.daijob.com/images/uploads/9419/3e208f-45a6-23932.png
https://www.daijob.com/en/jobs/detail/772757,"
          
            2019-05-29
          
        ",自然言語処理エンジニア,株式会社エイチシーエル・ジャパン/HCL JAPAN LTD.,https://www.daijob.com/images/uploads/9419/3e208f-45a6-23932.png
https://www.daijob.com/en/jobs/detail/772759,"
          
            2019-05-29
          
        ",（機械学習プラットフォーム）バックエンドエンジニア,株式会社エイチシーエル・ジャパン/HCL JAPAN LTD.,https://www.daijob.com/images/uploads/9419/3e208f-45a6-23932.png
https://www.daijob.com/en/jobs/detail/782273,"
          
            2019-05-29
          
        ",フロントエンドエンジニア,"BiOS, Inc. / 株式会社バイオス",https://www.daijob.com/images/uploads/9419/3e208f-45a6-23932.png
https://www.daijob.com/en/jobs/detail/782275,"
          
            2019-05-29
          
        ",ジュニアクラスからOK！SREエンジニア,"BiOS, Inc. / 株式会社バイオス",https://www.daijob.com/images/uploads/9419/3e208f-45a6-23932.png
https://www.daijob.com/en/jobs/detail/782278,"
          
            2019-05-29
          
        ",バックエンドエンジニア,"BiOS, Inc. / 株式会社バイオス",https://www.daijob.com/images/uploads/9419/3e208f-45a6-23932.png
https://www.daijob.com/en/jobs/detail/782279,"
          
            2019-05-29
          
        ",社内システム管理,"BiOS, Inc. / 株式会社バイオス",https://www.daijob.com/images/uploads/9419/3e208f-45a6-23932.png
https://www.daijob.com/en/jobs/detail/794265,"
          
            2019-05-29
          
        ",Field Application,"BiOS, Inc. / 株式会社バイオス",https://www.daijob.com/images/uploads/9642/d3253e-4c12-36e0.jpg
https://www.daijob.com/en/jobs/detail/719364,"
          
            2019-05-28
          
        ",Technical Project Coordinator (IT Infra / Data,"BiOS, Inc. / 株式会社バイオス",https://www.daijob.com/images/uploads/842/922e55-17da-7603b.gif
https://www.daijob.com/en/jobs/detail/773298,"
          
            2019-05-27
          
        ",海外向けデジタルコンテンツ配信（プロジェクト管理）,"BiOS, Inc. / 株式会社バイオス",https://www.daijob.com/images/uploads/9022/88d639-1ad0-8e208.jpg
https://www.daijob.com/en/jobs/detail/778016,"
          
            2019-05-24
          
        ",DevOps Engineer,"アルカディン・ジャパン株式会社/Arkadin Japan Co., Ltd.",https://www.daijob.com/images/uploads/5856/716eb-3245-991c9.png
https://www.daijob.com/en/jobs/detail/683363,"
          
            2019-05-23
          
        ",人工知能ソリューションの開発 　★自社開発／AI,"アルカディン・ジャパン株式会社/Arkadin Japan Co., Ltd.",https://www.daijob.com/images/uploads/8873/9be8fb-61a8-ed9d6.png
https://www.daijob.com/en/jobs/detail/745762,"
          
            2019-05-23
          
        ",★リモートワーク可！★　セキュリティエンジニア,株式会社エイチシーエル・ジャパン/HCL JAPAN LTD.,https://www.daijob.com/images/uploads/8947/270a65-2f2e-5b2ab.png
https://www.daijob.com/en/jobs/detail/783071,"
          
            2019-05-23
          
        ",★リモートワーク可！★　リサーチエンジニア,株式会社エイチシーエル・ジャパン/HCL JAPAN LTD.,https://www.daijob.com/images/uploads/8947/270a65-2f2e-5b2ab.png
https://www.daijob.com/en/jobs/detail/783072,"
          
            2019-05-23
          
        ",★リモートワーク可！★　ソフトウェアエンジニア,株式会社エイチシーエル・ジャパン/HCL JAPAN LTD.,https://www.daijob.com/images/uploads/8947/270a65-2f2e-5b2ab.png
https://www.daijob.com/en/jobs/detail/773484,"
          
            2019-05-23
          
        ",ITアシスタント（日中）,株式会社エイチシーエル・ジャパン/HCL JAPAN LTD.,https://www.daijob.com/images/uploads/9139/e8c760-143f-6815c.jpg
https://www.daijob.com/en/jobs/detail/783065,"
          
            2019-05-23
          
        ",Webデザイナー,株式会社エイチシーエル・ジャパン/HCL JAPAN LTD.,https://www.daijob.com/images/uploads/9531/c04e43-360a-377f2.png
https://www.daijob.com/en/jobs/detail/780898,"
          
            2019-05-23
          
        ",Rakuten TV Japan事業部 -,株式会社エイチシーエル・ジャパン/HCL JAPAN LTD.,https://www.daijob.com/images/uploads/9500/56355e-75ea-81ea9.png
https://www.daijob.com/en/jobs/detail/780902,"
          
            2019-05-23
          
        ",Rakuten TV Japan事業部 -,株式会社エイチシーエル・ジャパン/HCL JAPAN LTD.,https://www.daijob.com/images/uploads/9500/56355e-75ea-81ea9.png
https://www.daijob.com/en/jobs/detail/780904,"
          
            2019-05-23
          
        ",Rakuten TV Japan事業部 -,株式会社エイチシーエル・ジャパン/HCL JAPAN LTD.,https://www.daijob.com/images/uploads/9500/56355e-75ea-81ea9.png
https://www.daijob.com/en/jobs/detail/733014,"
          
            2019-05-23
          
        ",ミドルウェアエンジニア,株式会社エイチシーエル・ジャパン/HCL JAPAN LTD.,https://www.daijob.com/images/uploads/8635/552f67-230c-2dfb.png
https://www.daijob.com/en/jobs/detail/748325,"
          
            2019-05-23
          
        ",社内ITヘルプデスク,Emerge 360 Japan K.K./Emerge 360 Japan 株式会社,https://www.daijob.com/images/uploads/8635/552f67-230c-2dfb.png
https://www.daijob.com/en/jobs/detail/754319,"
          
            2019-05-23
          
        ",Fintechシステム監視・運用設計,アヘッド グループ / Ahead Group,https://www.daijob.com/images/uploads/8635/552f67-230c-2dfb.png
https://www.daijob.com/en/jobs/detail/755151,"
          
            2019-05-23
          
        ",Vendor,株式会社ＮＴＴデータビジネスブレインズ/NTT DATA BUSINESS BRAINS CORPORATION,https://www.daijob.com/images/uploads/8635/552f67-230c-2dfb.png
https://www.daijob.com/en/jobs/detail/778995,"
          
            2019-05-23
          
        ",サービス企画【SmartCity戦略】,EIRE Systems K.K./エイラ システム 株式会社,https://www.daijob.com/images/uploads/8635/552f67-230c-2dfb.png
https://www.daijob.com/en/jobs/detail/780594,"
          
            2019-05-23
          
        ",Software Engineer in,EIRE Systems K.K./エイラ システム 株式会社,https://www.daijob.com/images/uploads/8635/552f67-230c-2dfb.png
https://www.daijob.com/en/jobs/detail/784892,"
          
            2019-05-23
          
        ",Fintechシステム監視オペレーション,エイラ システム 株式会社／EIRE Systems K.K.,https://www.daijob.com/images/uploads/8635/552f67-230c-2dfb.png
https://www.daijob.com/en/jobs/detail/784893,"
          
            2019-05-23
          
        ",業務システム開発PM,"株式会社スクウェア・エニックス/SQUARE ENIX CO., LTD.",https://www.daijob.com/images/uploads/8635/552f67-230c-2dfb.png
https://www.daijob.com/en/jobs/detail/785667,"
          
            2019-05-23
          
        ",Software Engineer(Monitoring,"SQUARE ENIX CO., LTD./株式会社スクウェア・エニックス",https://www.daijob.com/images/uploads/8635/552f67-230c-2dfb.png
https://www.daijob.com/en/jobs/detail/790446,"
          
            2019-05-23
          
        ",リードディレクター(LINEスタンプ),Emerge 360 Japan K.K./Emerge 360 Japan 株式会社,https://www.daijob.com/images/uploads/8635/552f67-230c-2dfb.png
https://www.daijob.com/en/jobs/detail/791620,"
          
            2019-05-23
          
        ",FintechモニタリングSV候補,サイボウズ株式会社,https://www.daijob.com/images/uploads/8635/552f67-230c-2dfb.png
https://www.daijob.com/en/jobs/detail/793665,"
          
            2019-05-23
          
        ",LINEサービスベンダーオペレーション管理,サイボウズ株式会社,https://www.daijob.com/images/uploads/8635/552f67-230c-2dfb.png
https://www.daijob.com/en/jobs/detail/792976,"
          
            2019-05-23
          
        ",テストエンジニア,サイボウズ株式会社,https://www.daijob.com/images/uploads/8635/552f67-230c-2dfb.png
https://www.daijob.com/en/jobs/detail/694646,"
          
            2019-05-23
          
        ",業務プロセスコンサルタント/PM（サービス運営プラットフォーム）,株式会社エイチシーエル・ジャパン/HCL JAPAN LTD.,https://www.daijob.com/images/uploads/8635/552f67-230c-2dfb.png
https://www.daijob.com/en/jobs/detail/774023,"
          
            2019-05-23
          
        ",★バンコク勤務★　プロダクトマネージャー,株式会社エイチシーエル・ジャパン/HCL JAPAN LTD.,https://www.daijob.com/images/uploads/8774/5775ee-5589-efa5e.jpg
https://www.daijob.com/en/jobs/detail/738114,"
          
            2019-05-23
          
        ",Webエンジニア(東京もしくはバンコク勤務),株式会社エイチシーエル・ジャパン/HCL JAPAN LTD.,https://www.daijob.com/images/uploads/8774/5775ee-5589-efa5e.jpg
https://www.daijob.com/en/jobs/detail/789459,"
          
            2019-05-23
          
        ",広告運用管理（海外オペレーション）,Emerge 360 Japan K.K./Emerge 360 Japan 株式会社,https://www.daijob.com/images/uploads/9588/f48810-631a-c0889.png
https://www.daijob.com/en/jobs/detail/778589,"
          
            2019-05-23
          
        ",Webエンジニア　★第2新卒積極採用中！Webサービス・アプリ基盤からIoTまで,アヘッド グループ / Ahead Group,https://www.daijob.com/images/uploads/9480/af0d53-6e56-a9b71.png
https://www.daijob.com/en/jobs/detail/789080,"
          
            2019-05-23
          
        ",【ソリューション事業】オープンポジション（カタリスト）,株式会社ＮＴＴデータビジネスブレインズ/NTT DATA BUSINESS BRAINS CORPORATION,https://www.daijob.com/images/uploads/9480/af0d53-6e56-a9b71.png
https://www.daijob.com/en/jobs/detail/731414,"
          
            2019-05-23
          
        ",パブリッククラウドエンジニア　★米ナスダック上場企業★,EIRE Systems K.K./エイラ システム 株式会社,https://www.daijob.com/images/uploads/9222/944992-1527-85de8.png
https://www.daijob.com/en/jobs/detail/744386,"
          
            2019-05-23
          
        ",Monitoring Operation,EIRE Systems K.K./エイラ システム 株式会社,https://www.daijob.com/images/uploads/9222/944992-1527-85de8.png
https://www.daijob.com/en/jobs/detail/786023,"
          
            2019-05-23
          
        ",★未経験歓迎★データセンター運用スタッフ（東京・大阪勤務）,エイラ システム 株式会社／EIRE Systems K.K.,https://www.daijob.com/images/uploads/9222/944992-1527-85de8.png
https://www.daijob.com/en/jobs/detail/786418,"
          
            2019-05-23
          
        ",カスタマーサクセスエンジニア,"株式会社スクウェア・エニックス/SQUARE ENIX CO., LTD.",https://www.daijob.com/images/uploads/9222/944992-1527-85de8.png
https://www.daijob.com/en/jobs/detail/786420,"
          
            2019-05-23
          
        ",《In-house Consultant》Oracle E-Business,"SQUARE ENIX CO., LTD./株式会社スクウェア・エニックス",https://www.daijob.com/images/uploads/9222/944992-1527-85de8.png
https://www.daijob.com/en/jobs/detail/786421,"
          
            2019-05-23
          
        ",《In-house Consultant》ServiceNow,Emerge 360 Japan K.K./Emerge 360 Japan 株式会社,https://www.daijob.com/images/uploads/9222/944992-1527-85de8.png
https://www.daijob.com/en/jobs/detail/786422,"
          
            2019-05-23
          
        ",《In-house Consultant》Salesforce,サイボウズ株式会社,https://www.daijob.com/images/uploads/9222/944992-1527-85de8.png
https://www.daijob.com/en/jobs/detail/786423,"
          
            2019-05-23
          
        ",ネットワークエンジニア,サイボウズ株式会社,https://www.daijob.com/images/uploads/9222/944992-1527-85de8.png
https://www.daijob.com/en/jobs/detail/786424,"
          
            2019-05-23
          
        ",Cloud Solution Design,サイボウズ株式会社,https://www.daijob.com/images/uploads/9222/944992-1527-85de8.png
https://www.daijob.com/en/jobs/detail/793661,"
          
            2019-05-23
          
        ",社内SE,サイボウズ株式会社,https://www.daijob.com/images/uploads/9166/2d25d3-4850-be959.png
https://www.daijob.com/en/jobs/detail/783867,"
          
            2019-05-23
          
        ",Androidアプリケーションエンジニア,サイボウズ株式会社,https://www.daijob.com/images/uploads/9544/1da3a2-1026-1eabe.jpg
https://www.daijob.com/en/jobs/detail/784008,"
          
            2019-05-23
          
        ",iOSアプリケーションエンジニア,サイボウズ株式会社,https://www.daijob.com/images/uploads/9544/1da3a2-1026-1eabe.jpg
https://www.daijob.com/en/jobs/detail/784011,"
          
            2019-05-23
          
        ",Serverアプリケーションエンジニア,サイボウズ株式会社,https://www.daijob.com/images/uploads/9544/1da3a2-1026-1eabe.jpg
https://www.daijob.com/en/jobs/detail/784015,"
          
            2019-05-23
          
        ",インフラエンジニア,"株式会社アイエスエフネット/ISFnet, Inc",https://www.daijob.com/images/uploads/9544/1da3a2-1026-1eabe.jpg
https://www.daijob.com/en/jobs/detail/793675,"
          
            2019-05-23
          
        ",eCommerce Project,"株式会社アイエスエフネット/ISFnet, Inc",https://www.daijob.com/images/uploads/9218/c9aa21-14c-edec.jpg
https://www.daijob.com/en/jobs/detail/744368,"
          
            2019-05-21
          
        ",Bilingual Client Success Specialist - Japanese and,"株式会社アイエスエフネット/ISFnet, Inc",https://www.daijob.com/images/uploads/6960/73b118-1d0f-4ae6a.png
https://www.daijob.com/en/jobs/detail/582706,"
          
            2019-05-20
          
        ",ITインフラストラクチャー プロジェクト,"株式会社アイエスエフネット/ISFnet, Inc",https://www.daijob.com/images/uploads/842/922e55-17da-7603b.gif
https://www.daijob.com/en/jobs/detail/789836,"
          
            2019-05-16
          
        ",ITコンサルタント,"株式会社アイエスエフネット/ISFnet, Inc",https://www.daijob.com/images/uploads/9508/78b2f0-2a75-56e98.png
https://www.daijob.com/en/jobs/detail/787473,"
          
            2019-05-15
          
        ",Control Automation Engineer for Nagoya locationー Visa,appArray株式会社,https://www.daijob.com/images/uploads/7422/53c909-68b9-7f3ad.png
https://www.daijob.com/en/jobs/detail/792546,"
          
            2019-05-15
          
        ",NOC/EMS/OSS,"Daijob.com (Human Global Talent Co., Ltd.)",https://www.daijob.com/images/uploads/7422/53c909-68b9-7f3ad.png
https://www.daijob.com/en/jobs/detail/792526,"
          
            2019-05-15
          
        ",OSS,EIRE Systems K.K./エイラ システム 株式会社,https://www.daijob.com/images/uploads/7422/53c909-68b9-7f3ad.png
https://www.daijob.com/en/jobs/detail/428988,"
          
            2019-05-14
          
        ",日系大手通信キャリアのUS現地法人の求人（Network & other system,"ヒューマンリソシア株式会社/Human Resocia Co., Ltd.",https://www.daijob.com/images/uploads/3962/3059ee-17d8-cace9.gif
https://www.daijob.com/en/jobs/detail/767138,"
          
            2019-05-13
          
        ",増員募集【プライム案件多数】残業少な目！ポジション多数！エンジニア経験のある方、是非ご応募ください！,"ヒューマンリソシア株式会社/Human Resocia Co., Ltd.",https://www.daijob.com/images/uploads/9147/b3522-3e8f-9cb65.jpg
https://www.daijob.com/en/jobs/detail/785098,"
          
            2019-05-13
          
        ",【関西勤務】残業少なめ！プライム案件多数！オープンWEB系・多数のポジション大募集中！,"ヒューマンリソシア株式会社/Human Resocia Co., Ltd.",https://www.daijob.com/images/uploads/9147/b3522-3e8f-9cb65.jpg
https://www.daijob.com/en/jobs/detail/765824,"
          
            2019-05-13
          
        ",（中国語力活かせる）大手通信システムJava開発上流SE職【10年以上クライアントパートナシップ/毎年成長率10％以上企業】,サイボウズ株式会社,https://www.daijob.com/images/uploads/9147/b3522-3e8f-9cb65.jpg
https://www.daijob.com/en/jobs/detail/785610,"
          
            2019-05-10
          
        ",CSVコンサルタント / CSV,サイボウズ株式会社,https://www.daijob.com/images/uploads/9557/9ce31e-709b-71b59.png
https://www.daijob.com/en/jobs/detail/730927,"
          
            2019-05-08
          
        ",【Game Localization】JP⇔EN ★Fast Selection Process! May joiners welcome!,サイボウズ株式会社,https://www.daijob.com/images/uploads/8866/68623b-3331-59c98.png
https://www.daijob.com/en/jobs/detail/779078,"
          
            2019-05-07
          
        ",Voice Systems/Infra Support,サイボウズ株式会社,https://www.daijob.com/images/uploads/842/922e55-17da-7603b.gif
https://www.daijob.com/en/jobs/detail/736075,"
          
            2019-04-27
          
        ",Software engineer 【Video game · mobile application ·,"株式会社アイエスエフネット/ISFnet, Inc",https://www.daijob.com/images/uploads/8939/46f49e-69df-5de4c.jpg
https://www.daijob.com/en/jobs/detail/779928,"
          
            2019-04-26
          
        ",ITヘルプデスク エンジニア (ミッドレベル) / IT Helpdesk Engineer　品川勤務 【外資系・製薬関連/Emerge】,"株式会社アイエスエフネット/ISFnet, Inc",https://www.daijob.com/images/uploads/6595/47c941-5c18-cf2b3.png
https://www.daijob.com/en/jobs/detail/790717,"
          
            2019-04-26
          
        ",ITヘルプデスク エンジニア / IT Helpdesk Engineer　週2-3日勤務 【外資系・製薬関連/Emerge】,"株式会社アイエスエフネット/ISFnet, Inc",https://www.daijob.com/images/uploads/6595/47c941-5c18-cf2b3.png
https://www.daijob.com/en/jobs/detail/785642,"
          
            2019-04-26
          
        ",Project Manager（the Commercial,"株式会社アイエスエフネット/ISFnet, Inc",https://www.daijob.com/images/uploads/7422/53c909-68b9-7f3ad.png
https://www.daijob.com/en/jobs/detail/784332,"
          
            2019-04-26
          
        ",【 SAP Project Manager】- Visa,"株式会社アイエスエフネット/ISFnet, Inc",https://www.daijob.com/images/uploads/7422/53c909-68b9-7f3ad.png
https://www.daijob.com/en/jobs/detail/784924,"
          
            2019-04-26
          
        ",【IoT Lead Engineer】 ーVisa,appArray株式会社,https://www.daijob.com/images/uploads/7422/53c909-68b9-7f3ad.png
https://www.daijob.com/en/jobs/detail/787474,"
          
            2019-04-26
          
        ", Test Engineer/Sr. Test Engineer (Location: Atsugi) ,"Daijob.com (Human Global Talent Co., Ltd.)",https://www.daijob.com/images/uploads/7422/53c909-68b9-7f3ad.png
https://www.daijob.com/en/jobs/detail/787469,"
          
            2019-04-26
          
        ",Project Manager ーVisa,EIRE Systems K.K./エイラ システム 株式会社,https://www.daijob.com/images/uploads/7422/53c909-68b9-7f3ad.png
https://www.daijob.com/en/jobs/detail/784334,"
          
            2019-04-25
          
        ", SAP FI/CO,"ヒューマンリソシア株式会社/Human Resocia Co., Ltd.",https://www.daijob.com/images/uploads/7422/53c909-68b9-7f3ad.png
https://www.daijob.com/en/jobs/detail/788514,"
          
            2019-04-15
          
        ",テスト設計技術者／Test Design Engineer　-   楽天トラベル,"ヒューマンリソシア株式会社/Human Resocia Co., Ltd.",https://www.daijob.com/images/uploads/5856/716eb-3245-991c9.png
https://www.daijob.com/en/jobs/detail/656019,"
          
            2019-03-29
          
        ",Application Support,"ヒューマンリソシア株式会社/Human Resocia Co., Ltd.",https://www.daijob.com/images/uploads/5946/1f2703-1fda-f1e68.png
https://www.daijob.com/en/jobs/detail/785921,"
          
            2019-03-29
          
        ",【コンテンツ監査】有名動画コンテンツに関する監査、管理チーム（日本チーム）ー Advisor/Sr. Advisor - Customer,"ヒューマンリソシア株式会社/Human Resocia Co., Ltd.",https://www.daijob.com/images/uploads/7055/389d00-843-8474.jpg
https://www.daijob.com/en/jobs/detail/763155,"
          
            2019-03-29
          
        ",【大手外資企業】クアラルンプール勤務 /,"ヒューマンリソシア株式会社/Human Resocia Co., Ltd.",https://www.daijob.com/images/uploads/7055/389d00-843-8474.jpg
https://www.daijob.com/en/jobs/detail/771992,"
          
            2019-03-29
          
        ",【大手外資企業】クアラルンプール勤務 /,アヘッド グループ / Ahead Group,https://www.daijob.com/images/uploads/7055/389d00-843-8474.jpg
https://www.daijob.com/en/jobs/detail/756963,"
          
            2019-03-29
          
        ",【大手外資系企業】アメリカ企業ソーシャルネットワーキングサービス ー,アヘッド グループ / Ahead Group,https://www.daijob.com/images/uploads/7055/389d00-843-8474.jpg
https://www.daijob.com/en/jobs/detail/735404,"
          
            2019-03-29
          
        ",【外資系企業】カスタマーサポートアソシエイトポジション,アヘッド グループ / Ahead Group,https://www.daijob.com/images/uploads/7055/389d00-843-8474.jpg
https://www.daijob.com/en/jobs/detail/735394,"
          
            2019-03-29
          
        ",【ペナン島勤務】米国企業のSNSコンテンツのクオリティーチェック・管理,アヘッド グループ / Ahead Group,https://www.daijob.com/images/uploads/7055/389d00-843-8474.jpg
https://www.daijob.com/en/jobs/detail/735393,"
          
            2019-03-29
          
        ",【大手外資企業】米国企業のSNSコンテンツのクオリティーチェックポジション,アヘッド グループ / Ahead Group,https://www.daijob.com/images/uploads/7055/389d00-843-8474.jpg
https://www.daijob.com/en/jobs/detail/758438,"
          
            2019-03-28
          
        ",【バイリンガル　デスクトップサポートエンジニア】,アヘッド グループ / Ahead Group,https://www.daijob.com/images/uploads/9032/a61404-2c8f-2034.jpg
https://www.daijob.com/en/jobs/detail/765593,"
          
            2019-03-28
          
        ",【Entry Level/ New Graduates】 Network Engineer Trainee - Training in,アヘッド グループ / Ahead Group,https://www.daijob.com/images/uploads/9032/a61404-2c8f-2034.jpg
https://www.daijob.com/en/jobs/detail/773371,"
          
            2019-03-28
          
        ",【新卒・第二新卒募集】,アヘッド グループ / Ahead Group,https://www.daijob.com/images/uploads/9032/a61404-2c8f-2034.jpg
https://www.daijob.com/en/jobs/detail/771948,"
          
            2019-03-21
          
        ",Presales,アヘッド グループ / Ahead Group,https://www.daijob.com/images/uploads/5946/1f2703-1fda-f1e68.png
https://www.daijob.com/en/jobs/detail/778001,"
          
            2019-03-19
          
        ",【API Developer for Merchant】Develop your own APIs at Rakuten!,アヘッド グループ / Ahead Group,https://www.daijob.com/images/uploads/5856/716eb-3245-991c9.png
https://www.daijob.com/en/jobs/detail/778019,"
          
            2019-03-19
          
        ",【iOS Engineer】Digital Ecosystem Services,アヘッド グループ / Ahead Group,https://www.daijob.com/images/uploads/5856/716eb-3245-991c9.png
https://www.daijob.com/en/jobs/detail/778021,"
          
            2019-03-19
          
        ",【Senior Java Developer】Rakuten Super,EIRE Systems K.K./エイラ システム 株式会社,https://www.daijob.com/images/uploads/5856/716eb-3245-991c9.png
https://www.daijob.com/en/jobs/detail/344327,"
          
            2019-02-23
          
        ",ASAP!!Need Project Manager 8,EIRE Systems K.K./エイラ システム 株式会社,https://www.daijob.com/images/uploads/5624/a26956-17d4-abcd8.gif
https://www.daijob.com/en/jobs/detail/370272,"
          
            2019-02-22
          
        ",Program,"ヒューマンリソシア株式会社/Human Resocia Co., Ltd.",https://www.daijob.com/images/uploads/5624/a26956-17d4-abcd8.gif
https://www.daijob.com/en/jobs/detail/330752,"
          
            2019-02-19
          
        ",ジュニアビジネスサポートスタッフ,"ヒューマンリソシア株式会社/Human Resocia Co., Ltd.",https://www.daijob.com/images/uploads/5624/a26956-17d4-abcd8.gif
https://www.daijob.com/en/jobs/detail/591279,"
          
            2019-02-19
          
        ",Bilingual Facilitator,アヘッド グループ / Ahead Group,https://www.daijob.com/images/uploads/5624/a26956-17d4-abcd8.gif
https://www.daijob.com/en/jobs/detail/335800,"
          
            2019-02-19
          
        ",Project,アヘッド グループ / Ahead Group,https://www.daijob.com/images/uploads/5624/a26956-17d4-abcd8.gif
https://www.daijob.com/en/jobs/detail/316822,"
          
            2019-02-19
          
        ",６名募集！！ビジネスアナリスト　,アヘッド グループ / Ahead Group,https://www.daijob.com/images/uploads/5624/a26956-17d4-abcd8.gif
https://www.daijob.com/en/jobs/detail/326300,"
          
            2019-01-18
          
        ",大至急　サービスデリバリー募集,アヘッド グループ / Ahead Group,https://www.daijob.com/images/uploads/5624/a26956-17d4-abcd8.gif
